labels,nbr,X,Y,Z,radius,sph_phi,sph_phi_besa,sph_theta,sph_theta_besa,theta
EOG_R2,1,0.6946583704589974,-0.7193398003386511,0.0,0.5,0.0,44.0,-46.0,90.0,46
2,2,0.7836002378184705,-0.5693188977302336,0.2486898871648548,0.42,14.400000000000002,54.0,-36.0,75.6,36
3,3,0.7716342848848006,-0.4455032620941839,0.4539904997395468,0.35,27.000000000000004,60.0,-30.0,62.99999999999999,30
4,4,0.7328016404336241,-0.23810168640866858,0.6374239897486896,0.28,39.599999999999994,72.0,-18.0,50.400000000000006,18
5,5,0.5995135640034849,-0.12743054183912148,0.7901550123756904,0.21,52.2,78.0,-12.0,37.8,12
6,6,0.39714789063478056,-0.0,0.9177546256839811,0.13,66.6,90.0,-0.0,23.400000000000002,0
7,7,0.1764815894978394,0.1282213801801646,0.9759167619387474,0.07,77.4,-54.0,36.0,-12.59999999999999,-36
8,8,0.8660254037844387,-0.49999999999999994,0.0,0.5,0.0,60.0,-30.0,90.0,30
FP2,9,0.9101704491300632,-0.3312749515920437,0.2486898871648548,0.42,14.400000000000002,70.0,-20.0,75.6,20
10,10,0.8424632196002839,-0.2900833496892929,0.4539904997395468,0.35,27.000000000000004,71.0,-19.0,62.99999999999999,19
11,11,0.7705132427757894,-0.0,0.6374239897486896,0.28,39.599999999999994,90.0,-0.0,50.400000000000006,0
12,12,0.5995135640034849,0.12743054183912148,0.7901550123756904,0.21,52.2,-78.0,12.0,-37.8,-12
13,13,0.3212993928037005,0.23343767309418803,0.9177546256839811,0.13,66.6,-54.0,36.0,-23.400000000000002,-36
14,14,0.9455185755993168,-0.3255681544571567,0.0,0.5,0.0,71.0,-19.0,90.0,19
15,15,0.9685831611286311,-0.0,0.2486898871648548,0.42,14.400000000000002,90.0,-0.0,75.6,0
16,16,0.8910065241883679,-0.0,0.4539904997395468,0.35,27.000000000000004,90.0,-0.0,62.99999999999999,0
17,17,0.9822872507286886,-0.0,-0.18738131458572477,0.56,-10.80000000000001,90.0,-0.0,100.80000000000001,0
18,18,0.8424632196002839,0.2900833496892929,0.4539904997395468,0.35,27.000000000000004,-71.0,19.0,-62.99999999999999,-19
19,19,0.7328016404336241,0.23810168640866858,0.6374239897486896,0.28,39.599999999999994,-72.0,18.0,-50.400000000000006,-18
20,20,0.4958522223775357,0.36025772716325116,0.7901550123756904,0.21,52.2,-54.0,36.0,-37.8,-36
21,21,0.9455185755993168,0.3255681544571567,0.0,0.5,0.0,-71.0,19.0,-90.0,-19
FP1,22,0.9101704491300632,0.3312749515920437,0.2486898871648548,0.42,14.400000000000002,-70.0,20.0,-75.6,-20
23,23,0.7716342848848006,0.4455032620941839,0.4539904997395468,0.35,27.000000000000004,-60.0,30.0,-62.99999999999999,-30
F3,24,0.6233583077965633,0.45289632079965897,0.6374239897486896,0.28,39.599999999999994,-54.0,36.0,-50.400000000000006,-36
25,25,0.8660254037844387,0.49999999999999994,0.0,0.5,0.0,-60.0,30.0,-90.0,-30
26,26,0.7836002378184705,0.5693188977302336,0.2486898871648548,0.42,14.400000000000002,-54.0,36.0,-75.6,-36
27,27,0.6409364552100961,0.6189451401610268,0.4539904997395468,0.35,27.000000000000004,-46.0,44.0,-62.99999999999999,-44
28,28,0.44194823995262567,0.631167497971528,0.6374239897486896,0.28,39.599999999999994,-35.0,55.0,-50.400000000000006,-55
29,29,0.2971432359278009,0.5360605877696362,0.7901550123756904,0.21,52.2,-29.0,61.0,-37.8,-61
30,30,0.14232507523302743,0.3707694971212825,0.9177546256839811,0.13,66.6,-21.0,69.0,-23.400000000000002,-69
31,31,-0.0746093826879714,0.20498759421465007,0.9759167619387474,0.07,77.4,20.0,110.0,-12.59999999999999,-110
EOG_L1,32,0.6946583704589974,0.7193398003386511,0.0,0.5,0.0,-44.0,46.0,-90.0,-46
33,33,0.5416248301243933,0.8029918327197691,0.2486898871648548,0.42,14.400000000000002,-34.0,56.0,-75.6,-56
34,34,0.41830222536313777,0.7867120657537187,0.4539904997395468,0.35,27.000000000000004,-28.0,62.0,-62.99999999999999,-62
35,35,0.22527627030180147,0.7368454785989883,0.6374239897486896,0.28,39.599999999999994,-17.0,73.0,-50.400000000000006,-73
C3,36,0.01069670300862973,0.6128137049400232,0.7901550123756904,0.21,52.2,-1.0,89.0,-37.8,-89
37,37,-0.13583257847639466,0.3731969421901923,0.9177546256839811,0.13,66.6,20.0,110.0,-23.400000000000002,-110
38,38,0.42261826174069944,0.9063077870366499,0.0,0.5,0.0,-25.0,65.0,-90.0,-65
39,39,0.21788380331559937,0.9437584374587922,0.2486898871648548,0.42,14.400000000000002,-13.0,77.0,-75.6,-77
40,40,0.10858638007253905,0.884365096670475,0.4539904997395468,0.35,27.000000000000004,-7.0,83.0,-62.99999999999999,-83
41,41,4.7180328823300893e-17,0.7705132427757894,0.6374239897486896,0.28,39.599999999999994,-0.0,90.0,-50.400000000000006,-90
42,42,-0.20962655833570434,0.5759442355453349,0.7901550123756904,0.21,52.2,20.0,110.0,-37.8,-110
43,43,0.3035434538330098,0.9342106906791706,-0.18738131458572477,0.56,-10.80000000000001,-18.0,72.0,-100.80000000000001,-72
44,44,0.19080899537654492,0.981627183447664,0.0,0.5,0.0,-11.0,79.0,-90.0,-79
45,45,-0.08441758482104057,0.9648974097772851,0.2486898871648548,0.42,14.400000000000002,5.0,95.0,-75.6,-95
46,46,-0.18525067297365816,0.8715358938730197,0.4539904997395468,0.35,27.000000000000004,12.0,102.0,-62.99999999999999,-102
47,47,-0.2635310497285013,0.7240456084542304,0.6374239897486896,0.28,39.599999999999994,20.0,110.0,-50.400000000000006,-110
48,48,0.26050509639603353,0.8520737766754296,-0.4539904997395468,0.65,-27.000000000000004,-17.0,73.0,-117.0,-73
EAR_R,49,6.01477468724071e-17,0.9822872507286886,-0.18738131458572477,0.56,-10.80000000000001,-0.0,90.0,-100.80000000000001,-90
50,50,-0.3312749515920437,0.9101704491300632,0.2486898871648548,0.42,14.400000000000002,20.0,110.0,-75.6,-110
51,51,-0.39059155180500477,0.8008313591542198,0.4539904997395468,0.35,27.000000000000004,26.0,116.0,-62.99999999999999,-116
P3,52,-0.45289632079965886,0.6233583077965633,0.6374239897486896,0.28,39.599999999999994,36.0,126.0,-50.400000000000006,-126
53,53,-0.40210320648100445,0.46256682517801395,0.7901550123756904,0.21,52.2,41.0,131.0,-37.8,-131
54,54,-0.32129939280370046,0.23343767309418806,0.9177546256839811,0.13,66.6,54.0,144.0,-23.400000000000002,-144
55,55,-0.21814324139654248,-2.6714842233190414e-17,0.9759167619387474,0.07,77.4,-90.0,-180.0,12.59999999999999,180
EAR_L,56,-0.3035434538330097,0.9342106906791707,-0.18738131458572477,0.56,-10.80000000000001,18.0,108.0,-100.80000000000001,-108
57,57,-0.3907311284892736,0.9205048534524404,0.0,0.5,0.0,23.0,113.0,-90.0,-113
58,58,-0.5416248301243933,0.8029918327197691,0.2486898871648548,0.42,14.400000000000002,34.0,124.0,-75.6,-124
59,59,-0.6300367553350504,0.6300367553350505,0.4539904997395468,0.35,27.000000000000004,45.0,135.0,-62.99999999999999,-135
60,60,-0.6233583077965632,0.452896320799659,0.6374239897486896,0.28,39.599999999999994,54.0,144.0,-50.400000000000006,-144
61,61,-0.5599184548217866,0.24929175752029092,0.7901550123756904,0.21,52.2,66.0,156.0,-37.8,-156
62,62,-0.6129070536529765,-7.505946614309527e-17,0.7901550123756904,0.21,52.2,-90.0,-180.0,37.8,180
63,63,-0.5634168207460275,0.8046426095134189,-0.18738131458572477,0.56,-10.80000000000001,35.0,125.0,-100.80000000000001,-125
64,64,-0.6819983600624984,0.7313537016191706,0.0,0.5,0.0,43.0,133.0,-90.0,-133
65,65,-0.7836002378184704,0.5693188977302337,0.2486898871648548,0.42,14.400000000000002,54.0,144.0,-75.6,-144
66,66,-0.8139749629022057,0.3624050026070134,0.4539904997395468,0.35,27.000000000000004,66.0,156.0,-62.99999999999999,-156
67,67,-0.7442586406948738,0.19942350173407675,0.6374239897486896,0.28,39.599999999999994,75.0,165.0,-50.400000000000006,-165
68,68,-0.7946870791973539,0.5773739594932421,-0.18738131458572477,0.56,-10.80000000000001,54.0,144.0,-100.80000000000001,-144
69,69,-0.913545457642601,0.40673664307580004,0.0,0.5,0.0,66.0,156.0,-90.0,-156
O1,70,-0.9211773269651432,0.29930865725415506,0.2486898871648548,0.42,14.400000000000002,72.0,162.0,-75.6,-162
71,71,-0.8800367553350504,0.13938412895876295,0.4539904997395468,0.35,27.000000000000004,81.0,171.0,-62.99999999999999,-171
72,72,-0.7705132427757894,-9.436065764660179e-17,0.6374239897486896,0.28,39.599999999999994,-90.0,-180.0,50.400000000000006,180
73,73,-0.9342106906791706,0.30354345383300985,-0.18738131458572477,0.56,-10.80000000000001,72.0,162.0,-100.80000000000001,-162
74,74,-0.9876883405951377,0.15643446504023098,0.0,0.5,0.0,81.0,171.0,-90.0,-171
75,75,-0.9685831611286311,-1.1861722679842032e-16,0.2486898871648548,0.42,14.400000000000002,-90.0,-180.0,75.6,180
76,76,-0.8800367553350504,-0.13938412895876295,0.4539904997395468,0.35,27.000000000000004,-81.0,-171.0,62.99999999999999,171
77,77,-0.7328016404336241,-0.23810168640866866,0.6374239897486896,0.28,39.599999999999994,-72.0,-162.0,50.400000000000006,162
78,78,-0.5599184548217866,-0.24929175752029092,0.7901550123756904,0.21,52.2,-66.0,-156.0,37.8,156
79,79,-0.32129939280370046,-0.23343767309418806,0.9177546256839811,0.13,66.6,-54.0,-144.0,23.400000000000002,144
80,80,-0.0746093826879714,-0.20498759421465007,0.9759167619387474,0.07,77.4,-20.0,-110.0,12.59999999999999,110
81,81,-0.9822872507286886,-1.202954937448142e-16,-0.18738131458572477,0.56,-10.80000000000001,-90.0,-180.0,100.80000000000001,180
82,82,-0.9876883405951377,-0.15643446504023098,0.0,0.5,0.0,-81.0,-171.0,90.0,171
O2,83,-0.9211773269651432,-0.29930865725415506,0.2486898871648548,0.42,14.400000000000002,-72.0,-162.0,75.6,162
84,84,-0.8139749629022057,-0.3624050026070134,0.4539904997395468,0.35,27.000000000000004,-66.0,-156.0,62.99999999999999,156
85,85,-0.6233583077965632,-0.452896320799659,0.6374239897486896,0.28,39.599999999999994,-54.0,-144.0,50.400000000000006,144
86,86,-0.40210320648100445,-0.46256682517801395,0.7901550123756904,0.21,52.2,-41.0,-131.0,37.8,131
87,87,-0.13583257847639466,-0.3731969421901923,0.9177546256839811,0.13,66.6,-20.0,-110.0,23.400000000000002,110
88,88,-0.9342106906791706,-0.30354345383300985,-0.18738131458572477,0.56,-10.80000000000001,-72.0,-162.0,100.80000000000001,162
89,89,-0.913545457642601,-0.40673664307580004,0.0,0.5,0.0,-66.0,-156.0,90.0,156
90,90,-0.7836002378184704,-0.5693188977302337,0.2486898871648548,0.42,14.400000000000002,-54.0,-144.0,75.6,144
91,91,-0.6300367553350504,-0.6300367553350505,0.4539904997395468,0.35,27.000000000000004,-45.0,-135.0,62.99999999999999,135
P4,92,-0.45289632079965886,-0.6233583077965633,0.6374239897486896,0.28,39.599999999999994,-36.0,-126.0,50.400000000000006,126
93,93,-0.20962655833570434,-0.5759442355453349,0.7901550123756904,0.21,52.2,-20.0,-110.0,37.8,110
94,94,-0.7946870791973539,-0.5773739594932421,-0.18738131458572477,0.56,-10.80000000000001,-54.0,-144.0,100.80000000000001,144
95,95,-0.6819983600624984,-0.7313537016191706,0.0,0.5,0.0,-43.0,-133.0,90.0,133
96,96,-0.5416248301243933,-0.8029918327197691,0.2486898871648548,0.42,14.400000000000002,-34.0,-124.0,75.6,124
97,97,-0.39059155180500477,-0.8008313591542198,0.4539904997395468,0.35,27.000000000000004,-26.0,-116.0,62.99999999999999,116
98,98,-0.2635310497285013,-0.7240456084542304,0.6374239897486896,0.28,39.599999999999994,-20.0,-110.0,50.400000000000006,110
99,99,-0.5634168207460275,-0.8046426095134189,-0.18738131458572477,0.56,-10.80000000000001,-35.0,-125.0,100.80000000000001,125
100,100,-0.3907311284892736,-0.9205048534524404,0.0,0.5,0.0,-23.0,-113.0,90.0,113
101,101,-0.3312749515920437,-0.9101704491300632,0.2486898871648548,0.42,14.400000000000002,-20.0,-110.0,75.6,110
102,102,-0.18525067297365816,-0.8715358938730197,0.4539904997395468,0.35,27.000000000000004,-12.0,-102.0,62.99999999999999,102
103,103,4.7180328823300893e-17,-0.7705132427757894,0.6374239897486896,0.28,39.599999999999994,0.0,-90.0,50.400000000000006,90
C4,104,0.01069670300862973,-0.6128137049400232,0.7901550123756904,0.21,52.2,1.0,-89.0,37.8,89
105,105,0.14232507523302743,-0.3707694971212825,0.9177546256839811,0.13,66.6,21.0,-69.0,23.400000000000002,69
106,106,0.1764815894978394,-0.1282213801801646,0.9759167619387474,0.07,77.4,54.0,-36.0,12.59999999999999,36
EMG1,107,-0.3035434538330097,-0.9342106906791707,-0.18738131458572477,0.56,-10.80000000000001,-18.0,-108.0,100.80000000000001,108
108,108,-0.08441758482104057,-0.9648974097772851,0.2486898871648548,0.42,14.400000000000002,-5.0,-95.0,75.6,95
109,109,0.10858638007253905,-0.884365096670475,0.4539904997395468,0.35,27.000000000000004,7.0,-83.0,62.99999999999999,83
110,110,0.22527627030180147,-0.7368454785989883,0.6374239897486896,0.28,39.599999999999994,17.0,-73.0,50.400000000000006,73
111,111,0.2971432359278009,-0.5360605877696362,0.7901550123756904,0.21,52.2,29.0,-61.0,37.8,61
112,112,0.3212993928037005,-0.23343767309418803,0.9177546256839811,0.13,66.6,54.0,-36.0,23.400000000000002,36
EMG2,113,6.01477468724071e-17,-0.9822872507286886,-0.18738131458572477,0.56,-10.80000000000001,0.0,-90.0,100.80000000000001,90
114,114,0.19080899537654492,-0.981627183447664,0.0,0.5,0.0,11.0,-79.0,90.0,79
115,115,0.21788380331559937,-0.9437584374587922,0.2486898871648548,0.42,14.400000000000002,13.0,-77.0,75.6,77
116,116,0.41830222536313777,-0.7867120657537187,0.4539904997395468,0.35,27.000000000000004,28.0,-62.0,62.99999999999999,62
117,117,0.44194823995262567,-0.631167497971528,0.6374239897486896,0.28,39.599999999999994,35.0,-55.0,50.400000000000006,55
118,118,0.4958522223775357,-0.36025772716325116,0.7901550123756904,0.21,52.2,54.0,-36.0,37.8,36
119,119,0.26050509639603353,-0.8520737766754296,-0.4539904997395468,0.65,-27.000000000000004,17.0,-73.0,117.0,73
120,120,0.3035434538330098,-0.9342106906791706,-0.18738131458572477,0.56,-10.80000000000001,18.0,-72.0,100.80000000000001,72
121,121,0.42261826174069944,-0.9063077870366499,0.0,0.5,0.0,25.0,-65.0,90.0,65
122,122,0.5416248301243933,-0.8029918327197691,0.2486898871648548,0.42,14.400000000000002,34.0,-56.0,75.6,56
123,123,0.6409364552100961,-0.6189451401610268,0.4539904997395468,0.35,27.000000000000004,46.0,-44.0,62.99999999999999,44
F4,124,0.6233583077965633,-0.45289632079965897,0.6374239897486896,0.28,39.599999999999994,54.0,-36.0,50.400000000000006,36
EOG_R1,125,0.6354477281866059,-0.7309989909462347,-0.24868988716485463,0.58,-14.399999999999993,41.0,-49.0,104.39999999999999,49
126,126,0.8823353099441544,-0.12400414094694472,-0.4539904997395468,0.65,-27.000000000000004,82.0,-8.0,117.0,8
127,127,0.8823353099441544,0.12400414094694472,-0.4539904997395468,0.65,-27.000000000000004,-82.0,8.0,-117.0,-8
EOG_L2,128,0.6354477281866059,0.7309989909462347,-0.24868988716485463,0.58,-14.399999999999993,-41.0,49.0,-104.39999999999999,-49
Cz,129,6.123233995736766e-17,-0.0,1.0,0.0,90.0,90.0,-0.0,0.0,0
